First Name,Surname,Email Address,Gender,D.O.B
Olympe,Purslow,opurslow0@google.fr,Female,16/06/1975
Thea,Sangster,tsangster1@goodreads.com,Female,31/12/1995
Chiarra,Borg-Bartolo,cborgbartolo2@whitehouse.gov,Female,16/05/1954
Elane,Kilduff,ekilduff3@homestead.com,Female,12/10/1961
Tam,Lee,tlee4@nba.com,Male,14/02/1957
Estevan,Mapson,emapson5@telegraph.co.uk,Male,02/08/1992
Glad,Lalor,glalor6@privacy.gov.au,Female,27/02/1984
Aile,Cramp,acramp7@weibo.com,Female,08/08/1985
Caty,Shieber,cshieber8@myspace.com,Female,03/01/1982
Yuma,Doxsey,ydoxsey9@hp.com,Male,19/02/1953
Marthena,Sedwick,msedwicka@examiner.com,Female,19/02/1965
Dody,McLaverty,dmclavertyb@marriott.com,Female,24/02/1971
Jade,Freiburger,jfreiburgerc@sohu.com,Female,15/08/1969
Donnie,Rubinowitsch,drubinowitschd@desdev.cn,Male,13/11/1961
Che,Skillitt,cskillitte@comcast.net,Male,05/05/1976
Evin,Khadir,ekhadirf@discuz.net,Male,07/03/1992
Berni,Dunsmuir,bdunsmuirg@prlog.org,Female,15/07/1957
Wrennie,Towhey,wtowheyh@moonfruit.com,Female,24/11/1958
Nappie,Andreini,nandreinii@yandex.ru,Male,18/09/1998
Renaldo,Casarino,rcasarinoj@posterous.com,Male,06/05/1952
Dianemarie,Duthie,dduthiek@ovh.net,Female,07/04/1984
Sarge,Hammond,shammondl@japanpost.jp,Male,28/06/1962
Morton,McElwee,mmcelweem@networksolutions.com,Male,09/12/1976
Constancy,Meeland,cmeelandn@stanford.edu,Female,09/06/1977
Corilla,Sidsaff,csidsaffo@pbs.org,Female,05/07/1994
Jdavie,Pedder,jpedderp@oracle.com,Male,10/06/1983
Hayley,Elcomb,helcombq@vistaprint.com,Female,07/04/1980
Rich,Sherred,rsherredr@accuweather.com,Male,07/02/1952
Ario,Peirpoint,apeirpoints@accuweather.com,Male,01/02/1981
Lionello,Maas,lmaast@nymag.com,Male,11/10/1968
Kelci,Valentinetti,kvalentinettiu@symantec.com,Female,19/12/1964
Godfree,Rawlcliffe,grawlcliffev@blinklist.com,Male,09/06/1959
Hallsy,Garatty,hgarattyw@comcast.net,Male,11/07/1979
Donnie,Veale,dvealex@hexun.com,Male,08/05/1989
Nicolle,Bachmann,nbachmanny@google.com.hk,Female,13/02/1967
Hollis,Alty,haltyz@i2i.jp,Male,08/06/1969
Alford,Balnave,abalnave10@fda.gov,Male,26/04/1972
Riannon,Dominguez,rdominguez11@ihg.com,Female,13/06/1952
Cori,Forrestill,cforrestill12@hugedomains.com,Male,24/11/1997
Quinn,Kemwal,qkemwal13@phpbb.com,Female,08/12/1972
Diane,Cogdell,dcogdell14@nps.gov,Female,18/03/1981
Gregory,Librey,glibrey15@cargocollective.com,Male,12/10/1963
Rand,Brockington,rbrockington16@networkadvertising.org,Male,18/05/1956
Noach,Sigsworth,nsigsworth17@blogspot.com,Male,08/10/1969
Luz,de Lloyd,ldelloyd18@eventbrite.com,Female,19/05/1994
Corinne,Mohammed,cmohammed19@ameblo.jp,Female,01/12/1975
Merla,Castagneri,mcastagneri1a@usnews.com,Female,01/05/1965
Nikkie,Fedorchenko,nfedorchenko1b@cbsnews.com,Female,01/06/1966
Erinna,Gepp,egepp1c@wisc.edu,Female,19/11/1962
Gearard,Bernade,gbernade1d@oracle.com,Male,15/07/1994
Petra,Burndred,pburndred1e@technorati.com,Female,25/05/1960
Ezra,Wixey,ewixey1f@slideshare.net,Male,05/11/1950
Pauli,Jiroudek,pjiroudek1g@cloudflare.com,Female,08/08/1971
Sandro,Trowbridge,strowbridge1h@geocities.jp,Male,28/02/1970
Delinda,Prendergrast,dprendergrast1i@techcrunch.com,Female,18/04/1977
Sayres,Ashman,sashman1j@usatoday.com,Male,11/03/1987
Andie,Pittwood,apittwood1k@vk.com,Male,13/05/1963
Brien,Tittletross,btittletross1l@ox.ac.uk,Male,04/07/1952
Ashlin,Coverley,acoverley1m@angelfire.com,Male,26/11/1990
Libbi,Everit,leverit1n@ibm.com,Female,02/04/1985
Catrina,Totterdell,ctotterdell1o@ucoz.com,Female,27/06/1959
Gayle,Cannings,gcannings1p@sciencedaily.com,Male,09/12/1976
Reagan,Solano,rsolano1q@unicef.org,Male,21/10/1998
Venus,Newbatt,vnewbatt1r@bloomberg.com,Female,11/05/1995
Alexander,Nana,anana1s@patch.com,Male,03/11/1984
Budd,Compfort,bcompfort1t@t.co,Male,26/07/1962
Allen,Miebes,amiebes1u@oakley.com,Male,12/12/1967
Livia,Rowbrey,lrowbrey1v@mapy.cz,Female,30/07/1971
Dael,Guinery,dguinery1w@ftc.gov,Female,28/09/1960
Rochella,Peter,rpeter1x@pbs.org,Female,22/10/1994
Diane,Ollerhead,dollerhead1y@oracle.com,Female,28/06/1957
Briant,Ashleigh,bashleigh1z@virginia.edu,Male,18/11/1975
Bernadina,Koubek,bkoubek20@is.gd,Female,29/04/1958
Sasha,Jaquiss,sjaquiss21@slideshare.net,Male,25/07/1975
Nerissa,Lowings,nlowings22@dropbox.com,Female,23/04/1990
Erma,Espley,eespley23@indiegogo.com,Female,22/02/1953
Terza,Danilin,tdanilin24@purevolume.com,Female,09/03/1954
Marley,Blazewski,mblazewski25@cisco.com,Female,01/04/1995
Benoit,Whitear,bwhitear26@skype.com,Male,27/03/1962
Junia,Ioannou,jioannou27@google.nl,Female,23/11/1962
Salmon,Tesmond,stesmond28@vk.com,Male,02/04/1986
Lillian,Semered,lsemered29@umich.edu,Female,09/09/1985
Lenci,Bengle,lbengle2a@blogger.com,Male,29/01/1954
Tabatha,Helleker,thelleker2b@mail.ru,Female,19/07/1999
Arch,Bugg,abugg2c@kickstarter.com,Male,26/03/1952
Obadiah,Esherwood,oesherwood2d@blogtalkradio.com,Male,25/06/1996
Belicia,Scotchmer,bscotchmer2e@zimbio.com,Female,05/01/1974
Norry,Louder,nlouder2f@instagram.com,Male,12/07/1998
Elvina,Simmill,esimmill2g@weather.com,Female,16/01/1999
Malchy,Tremmil,mtremmil2h@shareasale.com,Male,08/12/1986
Rollins,Royse,rroyse2i@uiuc.edu,Male,09/09/1959
Kenn,Awty,kawty2j@aboutads.info,Male,06/05/1978
Carling,Gansbuhler,cgansbuhler2k@sciencedirect.com,Male,24/01/1978
Dallas,Brierley,dbrierley2l@skype.com,Male,26/01/1985
Shaylyn,Greatbanks,sgreatbanks2m@bing.com,Female,05/11/1988
Linette,Feasey,lfeasey2n@parallels.com,Female,15/08/1957
Hestia,Jacobowicz,hjacobowicz2o@smugmug.com,Female,09/07/1997
Murdoch,Iacavone,miacavone2p@blinklist.com,Male,24/03/1975
Esteban,Calkin,ecalkin2q@de.vu,Male,21/08/1991
Carmita,MacCollom,cmaccollom2r@privacy.gov.au,Female,15/03/1957
Jamima,Sicily,jsicily2s@ucla.edu,Female,09/09/1973
Willi,MacDonough,wmacdonough2t@miitbeian.gov.cn,Female,22/11/1970
Ephrayim,Deane,edeane2u@admin.ch,Male,13/10/1957
Niels,Sedgeman,nsedgeman2v@addtoany.com,Male,07/12/1952
Alex,Sirette,asirette2w@latimes.com,Female,15/08/1974
Bev,Bricham,bbricham2x@photobucket.com,Female,16/03/1997
Jobye,Margrie,jmargrie2y@artisteer.com,Female,22/10/1962
Gilbertine,Huddy,ghuddy2z@plala.or.jp,Female,27/03/1978
Rozina,Tulloch,rtulloch30@bravesites.com,Female,31/05/1985
Bernette,Sappell,bsappell31@desdev.cn,Female,03/02/1976
Vinny,Wait,vwait32@webeden.co.uk,Male,10/11/1983
Adrien,Grimme,agrimme33@geocities.jp,Male,11/08/1987
Livvy,Rosin,lrosin34@php.net,Female,27/04/1955
Pippa,Gianni,pgianni35@google.nl,Female,02/01/1988
Jehanna,Chevin,jchevin36@scientificamerican.com,Female,19/06/1972
Barr,Gordge,bgordge37@scientificamerican.com,Male,24/07/1987
Laura,Rodgers,lrodgers38@squarespace.com,Female,19/10/1989
Chevy,L'Episcopio,clepiscopio39@shinystat.com,Male,22/04/1992
Roxine,Betjes,rbetjes3a@sohu.com,Female,08/02/1976
Lucho,Rice,lrice3b@mlb.com,Male,11/09/1985
Sammy,Merrikin,smerrikin3c@cdc.gov,Male,05/11/1953
Rodolph,Castelluzzi,rcastelluzzi3d@tuttocitta.it,Male,11/02/1988
Lowe,Spafford,lspafford3e@cnbc.com,Male,29/09/1977
Chrysa,Reisenberg,creisenberg3f@tamu.edu,Female,07/02/1981
Dulcy,Wasbey,dwasbey3g@dailymail.co.uk,Female,29/08/1986
Arlyn,Wasbrough,awasbrough3h@google.com.br,Female,11/07/1962
Amelia,Simenon,asimenon3i@icio.us,Female,22/04/1977
Nate,Aldwich,naldwich3j@java.com,Male,08/12/1988
Gillian,MacNeillie,gmacneillie3k@oaic.gov.au,Female,28/02/1979
Ketti,Iskowicz,kiskowicz3l@unblog.fr,Female,26/06/1960
Orelee,Eastwood,oeastwood3m@omniture.com,Female,21/09/1976
Roy,Shillabear,rshillabear3n@51.la,Male,25/12/1992
Ross,Wank,rwank3o@behance.net,Male,12/12/1956
Margarethe,McGrorty,mmcgrorty3p@narod.ru,Female,24/01/1952
Broddy,Breckwell,bbreckwell3q@omniture.com,Male,26/03/1997
Kenton,Matas,kmatas3r@blogtalkradio.com,Male,25/02/1995
Angela,Danne,adanne3s@hao123.com,Female,27/04/1984
Cedric,Cottle,ccottle3t@merriam-webster.com,Male,28/04/1980
Thorin,Jacobbe,tjacobbe3u@wsj.com,Male,22/07/1991
Sherry,Avison,savison3v@reuters.com,Female,25/07/1998
Cassandra,Selwyne,cselwyne3w@lulu.com,Female,25/05/1982
Ruthi,Hiorn,rhiorn3x@hubpages.com,Female,21/02/1957
Ferne,Saunder,fsaunder3y@clickbank.net,Female,10/07/1992
Tailor,Rate,trate3z@google.it,Male,21/12/1969
Ollie,Lehenmann,olehenmann40@columbia.edu,Male,10/10/1966
Carl,Jervis,cjervis41@surveymonkey.com,Male,09/09/1983
Reuben,Knolles-Green,rknollesgreen42@microsoft.com,Male,15/07/1972
Corena,Mabbe,cmabbe43@wikimedia.org,Female,12/05/1952
Hildegarde,Scamadin,hscamadin44@hubpages.com,Female,23/10/1996
Casar,Castelot,ccastelot45@paypal.com,Male,26/09/1989
Ansel,Acheson,aacheson46@go.com,Male,20/10/1994
Donn,Scotney,dscotney47@state.gov,Male,22/08/1988
Wynne,Auton,wauton48@de.vu,Female,22/02/1994
Leontyne,Fockes,lfockes49@unc.edu,Female,23/11/1966
Joeann,Collabine,jcollabine4a@paginegialle.it,Female,06/07/1966
Jayme,Josovitz,jjosovitz4b@examiner.com,Female,24/05/1999
Mohandis,Brettle,mbrettle4c@dmoz.org,Male,15/11/1961
Magdaia,Hellcat,mhellcat4d@nasa.gov,Female,06/12/1993
Marne,McIlriach,mmcilriach4e@shop-pro.jp,Female,16/07/1971
Raviv,Gantlett,rgantlett4f@vk.com,Male,25/06/1979
Clea,Treffrey,ctreffrey4g@china.com.cn,Female,04/10/1967
Eldridge,Lathbury,elathbury4h@kickstarter.com,Male,23/04/1990
Annalee,Seckington,aseckington4i@nationalgeographic.com,Female,24/03/1960
Salomo,Digle,sdigle4j@bluehost.com,Male,15/01/1956
Tabor,Madgewick,tmadgewick4k@youtube.com,Male,06/03/1993
Kerry,Hurdis,khurdis4l@java.com,Female,31/05/1972
Brendis,Shinefield,bshinefield4m@hc360.com,Male,15/02/1981
Lennie,Plaunch,lplaunch4n@addthis.com,Male,24/02/1972
Erek,Maylin,emaylin4o@mit.edu,Male,17/07/1971
Darrelle,Fillingham,dfillingham4p@yahoo.com,Female,08/11/1980
Arty,Howsley,ahowsley4q@vistaprint.com,Male,23/06/1992
Nerty,Jelks,njelks4r@smugmug.com,Female,28/10/1957
Lavina,Stansby,lstansby4s@mail.ru,Female,18/02/1973
Camey,Aspinal,caspinal4t@bandcamp.com,Male,24/05/1989
Romain,Agus,ragus4u@biblegateway.com,Male,16/10/1968
Wilie,Still,wstill4v@goo.ne.jp,Female,03/02/1995
Britney,Forryan,bforryan4w@ifeng.com,Female,17/07/1998
Dulcy,Osmar,dosmar4x@xinhuanet.com,Female,21/07/1988
Ahmad,Craft,acraft4y@latimes.com,Male,28/06/1960
Ogden,Relfe,orelfe4z@jalbum.net,Male,28/06/1976
Flemming,Hazeley,fhazeley50@sakura.ne.jp,Male,16/04/1994
Jo-ann,Langdale,jlangdale51@wunderground.com,Female,24/11/1953
Adriane,Ivankov,aivankov52@dagondesign.com,Female,12/10/1954
Orv,Wollrauch,owollrauch53@dell.com,Male,18/11/1964
Rianon,Shepton,rshepton54@shutterfly.com,Female,02/12/1982
Sarita,Boreham,sboreham55@reddit.com,Female,27/09/1964
Edgardo,Radeliffe,eradeliffe56@typepad.com,Male,06/05/1975
Vivia,Flatt,vflatt57@google.com.hk,Female,18/05/1966
Lemar,Dakers,ldakers58@imgur.com,Male,10/01/1964
Viola,Shearston,vshearston59@netlog.com,Female,30/11/1955
Robers,Findlater,rfindlater5a@discuz.net,Male,20/08/1989
Daisy,Farndale,dfarndale5b@harvard.edu,Female,12/03/1953
Grove,O'Grady,gogrady5c@nature.com,Male,27/11/1969
Clevey,Behneke,cbehneke5d@forbes.com,Male,04/08/1997
Gaven,Jemison,gjemison5e@com.com,Male,28/04/1961
Davie,Hundell,dhundell5f@com.com,Male,25/02/1990
Colene,Gullick,cgullick5g@wikimedia.org,Female,03/04/1986
Georgiana,Recke,grecke5h@ihg.com,Female,30/09/1958
Chaddy,Rigge,crigge5i@businessinsider.com,Male,11/09/1950
Clair,Pettipher,cpettipher5j@wikispaces.com,Male,02/01/1986
Angel,Gillitt,agillitt5k@wiley.com,Male,15/10/1969
Frazer,Moggach,fmoggach5l@cnet.com,Male,30/07/1986
Elysha,Franzel,efranzel5m@aboutads.info,Female,22/05/1978
Artur,Armatage,aarmatage5n@ihg.com,Male,06/11/1956
Lucian,Gemmill,lgemmill5o@reuters.com,Male,06/04/1995
Boot,Isaacs,bisaacs5p@photobucket.com,Male,28/10/1958
Bentley,Gannon,bgannon5q@printfriendly.com,Male,01/08/1964
Davy,Welbelove,dwelbelove5r@opera.com,Male,09/09/1983
Averell,Mansbridge,amansbridge5s@npr.org,Male,14/02/1989
Carly,Mcmanaman,cmcmanaman5t@hostgator.com,Male,09/07/1976
Sascha,Triggol,striggol5u@sphinn.com,Female,05/11/1993
Sinclair,Merriment,smerriment5v@friendfeed.com,Male,11/12/1952
Edmon,Rochewell,erochewell5w@livejournal.com,Male,28/05/1957
Kittie,Chapleo,kchapleo5x@admin.ch,Female,09/12/1981
Kristo,Hamby,khamby5y@who.int,Male,21/06/1968
Raf,Plummer,rplummer5z@cpanel.net,Female,09/01/1973
Ernst,Tire,etire60@youtube.com,Male,16/12/1976
Bessie,Ledrane,bledrane61@hatena.ne.jp,Female,03/05/1969
Gavin,Ervine,gervine62@cocolog-nifty.com,Male,15/07/1969
Whittaker,Mayhew,wmayhew63@zdnet.com,Male,02/12/1994
Jeremy,Paris,jparis64@cbsnews.com,Male,19/01/1977
Wallas,Quarlis,wquarlis65@imdb.com,Male,26/06/1975
Adelbert,Jurkowski,ajurkowski66@amazonaws.com,Male,27/10/1957
Elvin,Burnsides,eburnsides67@buzzfeed.com,Male,25/11/1982
Tracie,Hoggins,thoggins68@ebay.co.uk,Female,12/12/1973
Arlinda,Tapscott,atapscott69@stumbleupon.com,Female,02/10/1981
Pammy,Johnigan,pjohnigan6a@paginegialle.it,Female,27/12/1969
Gerladina,Figger,gfigger6b@examiner.com,Female,17/03/1952
Cori,Sabben,csabben6c@ucoz.com,Female,10/07/1952
Rickard,Serrels,rserrels6d@seattletimes.com,Male,30/11/1952
Beilul,McIlwain,bmcilwain6e@macromedia.com,Female,06/01/1956
Galina,Womack,gwomack6f@shareasale.com,Female,15/06/1954
Garret,Gilbey,ggilbey6g@google.es,Male,02/11/1982
Olive,Lillow,olillow6h@redcross.org,Female,24/03/1954
Stinky,McPaik,smcpaik6i@bizjournals.com,Male,26/01/1992
Delphine,Dengate,ddengate6j@nih.gov,Female,10/05/1991
Kerwinn,Thickin,kthickin6k@google.com.au,Male,20/10/1979
Jeanette,McRamsey,jmcramsey6l@google.com.au,Female,09/01/1961
Melodee,Cumberbatch,mcumberbatch6m@wikimedia.org,Female,20/07/1989
Josiah,Giraldon,jgiraldon6n@washington.edu,Male,23/11/1961
Nollie,Sever,nsever6o@indiatimes.com,Female,02/03/1967
Christyna,Wildbore,cwildbore6p@abc.net.au,Female,06/04/1991
Ettore,Tewes,etewes6q@newyorker.com,Male,08/06/1971
Carmine,Geerdts,cgeerdts6r@ox.ac.uk,Female,04/03/1963
Rod,Micco,rmicco6s@rakuten.co.jp,Male,04/01/1985
Gaven,Lillecrap,glillecrap6t@sohu.com,Male,28/01/1975
Dennis,Chart,dchart6u@ameblo.jp,Male,08/04/1997
Hanson,Fludder,hfludder6v@com.com,Male,29/12/1952
Merrie,Alenin,malenin6w@google.com.au,Female,22/01/1955
Anatole,Dan,adan6x@nature.com,Male,05/11/1991
Washington,Kalisz,wkalisz6y@prnewswire.com,Male,09/08/1977
Sinclair,Hassent,shassent6z@hibu.com,Male,27/12/1987
Myrtice,McAlpin,mmcalpin70@hibu.com,Female,09/03/1970
Averil,Bladesmith,abladesmith71@un.org,Male,18/05/1994
Aigneis,Cawthorne,acawthorne72@unblog.fr,Female,08/01/1981
Darwin,Geeritz,dgeeritz73@mail.ru,Male,19/02/1955
Alasdair,Mellows,amellows74@disqus.com,Male,02/11/1997
Pattie,Prendergast,pprendergast75@scribd.com,Male,07/10/1988
Veronique,Nusche,vnusche76@bloglovin.com,Female,29/12/1971
Corbet,Tebbit,ctebbit77@topsy.com,Male,18/10/1983
Cissiee,Kennifeck,ckennifeck78@xing.com,Female,29/03/1969
Hermie,Remington,hremington79@npr.org,Male,20/05/1953
Celestina,Plumer,cplumer7a@youtu.be,Female,02/08/1979
Roxana,Lardge,rlardge7b@icio.us,Female,29/01/1994
Tobi,Hanniger,thanniger7c@theglobeandmail.com,Female,20/02/1995
Frasier,Hartfield,fhartfield7d@globo.com,Male,29/11/1990
Jerad,Tallent,jtallent7e@house.gov,Male,12/12/1964
Weidar,Hosburn,whosburn7f@cloudflare.com,Male,22/10/1980
Anica,Dawks,adawks7g@imageshack.us,Female,27/02/1950
Melinda,Brokenshire,mbrokenshire7h@marketwatch.com,Female,13/05/1987
Towny,Andrusyak,tandrusyak7i@163.com,Male,26/11/1957
Llywellyn,Swinerd,lswinerd7j@last.fm,Male,22/06/1999
Zacherie,Schneider,zschneider7k@slideshare.net,Male,20/07/1981
Kelley,Sapp,ksapp7l@nbcnews.com,Female,06/08/1956
Iorgos,Maryon,imaryon7m@photobucket.com,Male,26/01/1951
Maryanna,Druett,mdruett7n@exblog.jp,Female,25/11/1988
Vanni,Quinsee,vquinsee7o@example.com,Female,27/03/1988
Madelin,Burgoin,mburgoin7p@wordpress.org,Female,06/11/1955
Corette,Elloy,celloy7q@wikispaces.com,Female,19/01/1983
Cynde,Culmer,cculmer7r@irs.gov,Female,30/08/1986
Auroora,Basilone,abasilone7s@nytimes.com,Female,26/07/1968
Georgette,Couchman,gcouchman7t@craigslist.org,Female,06/07/1975
Pierson,Wintersgill,pwintersgill7u@wp.com,Male,11/02/1998
Elnore,MacKey,emackey7v@google.es,Female,29/11/1978
Lia,Capponeer,lcapponeer7w@altervista.org,Female,31/05/1984
Mommy,Spacey,mspacey7x@reddit.com,Female,21/02/1963
Gwenette,Vise,gvise7y@photobucket.com,Female,02/12/1960
Abba,Ebbings,aebbings7z@diigo.com,Male,23/06/1993
Barnaby,Muldownie,bmuldownie80@biglobe.ne.jp,Male,08/08/1956
Gretel,Sartin,gsartin81@youtube.com,Female,24/08/1993
Milli,Hechlin,mhechlin82@ucla.edu,Female,03/09/1991
Dorry,Westwell,dwestwell83@huffingtonpost.com,Female,11/02/1969
Codi,Plumstead,cplumstead84@tinypic.com,Female,17/02/1961
Loutitia,Bellis,lbellis85@geocities.jp,Female,28/11/1987
Bartolemo,Mc Elory,bmcelory86@gizmodo.com,Male,04/06/1954
Lorilee,Narrie,lnarrie87@europa.eu,Female,24/05/1971
Jeannette,Wotherspoon,jwotherspoon88@scribd.com,Female,01/08/1990
Gar,Harmstone,gharmstone89@msu.edu,Male,26/07/1969
Brandais,Moorcroft,bmoorcroft8a@wisc.edu,Female,06/04/1959
Stewart,MacChaell,smacchaell8b@sfgate.com,Male,25/03/1963
Chalmers,O'Griffin,cogriffin8c@artisteer.com,Male,23/10/1971
Obadias,Gowenlock,ogowenlock8d@drupal.org,Male,22/06/1955
Pietra,Crab,pcrab8e@angelfire.com,Female,04/11/1966
Siana,Thurborn,sthurborn8f@goodreads.com,Female,21/02/1977
Cherri,Crutch,ccrutch8g@hibu.com,Female,11/08/1982
Fifi,Haddick,fhaddick8h@behance.net,Female,01/01/1970
Nikoletta,Peepall,npeepall8i@ycombinator.com,Female,17/06/1995
Arabel,Mungin,amungin8j@quantcast.com,Female,14/10/1964
Ancell,Locksley,alocksley8k@japanpost.jp,Male,17/11/1966
Philippa,Furber,pfurber8l@trellian.com,Female,02/02/1987
Dane,Vanner,dvanner8m@mozilla.com,Male,17/07/1977
Phelia,Pigny,ppigny8n@newyorker.com,Female,01/10/1951
Gipsy,Arney,garney8o@ihg.com,Female,11/04/1993
Renata,Scotsbrook,rscotsbrook8p@furl.net,Female,11/03/1967
Shelley,De Mitris,sdemitris8q@live.com,Male,05/02/1986
Conn,De Ruggero,cderuggero8r@fotki.com,Male,16/06/1989
Heinrik,Battson,hbattson8s@washington.edu,Male,05/01/1996
Alfreda,Penning,apenning8t@acquirethisname.com,Female,06/01/1960
Val,Stove,vstove8u@toplist.cz,Male,13/10/1974
Garwin,Thow,gthow8v@yelp.com,Male,06/07/1952
Roma,Okenden,rokenden8w@stanford.edu,Male,29/08/1997
Ingmar,Hanlin,ihanlin8x@salon.com,Male,21/05/1972
Cristin,Tite,ctite8y@histats.com,Female,14/01/1989
Reagan,Drakes,rdrakes8z@spotify.com,Male,20/12/1954
Cordy,Grover,cgrover90@multiply.com,Male,08/07/1991
Eolanda,Anthona,eanthona91@columbia.edu,Female,13/12/1997
Seth,Hambelton,shambelton92@squarespace.com,Male,26/03/1994
Gaven,Hearnah,ghearnah93@who.int,Male,11/10/1955
Cirilo,Harberer,charberer94@epa.gov,Male,11/10/1965
Brynna,Liddon,bliddon95@ifeng.com,Female,18/02/1981
Robby,Wykey,rwykey96@toplist.cz,Male,29/01/1989
Gabriellia,Herreran,gherreran97@yale.edu,Female,01/04/1985
Meryl,Egger,megger98@dailymail.co.uk,Male,20/03/1958
Reginauld,Capenor,rcapenor99@dedecms.com,Male,20/08/1977
Maiga,Cranmere,mcranmere9a@walmart.com,Female,31/07/1979
Imelda,Cartmill,icartmill9b@newsvine.com,Female,25/07/1985
Gnni,Halfhyde,ghalfhyde9c@cnbc.com,Female,09/08/1985
Evvy,Pendock,ependock9d@google.com.au,Female,25/04/1962
Yorgo,Yakebowitch,yyakebowitch9e@paypal.com,Male,06/01/1986
Hugibert,Soldner,hsoldner9f@squarespace.com,Male,21/01/1960
Ronnica,Rack,rrack9g@sciencedaily.com,Female,20/04/1963
Niall,Dwire,ndwire9h@house.gov,Male,17/05/1958
Melba,Brandacci,mbrandacci9i@altervista.org,Female,13/09/1981
Lew,Beeke,lbeeke9j@hostgator.com,Male,01/10/1993
Nance,Burt,nburt9k@bravesites.com,Female,05/05/1991
Ellene,Barles,ebarles9l@discuz.net,Female,14/09/1952
Ingaborg,Catlin,icatlin9m@yahoo.co.jp,Female,07/11/1999
Dionis,Reinhardt,dreinhardt9n@upenn.edu,Female,28/06/1997
Ring,Battershall,rbattershall9o@ask.com,Male,21/11/1964
Sigfrid,Bahde,sbahde9p@devhub.com,Male,01/04/1968
Catrina,Phizackerly,cphizackerly9q@pinterest.com,Female,04/11/1960
Yetta,Duer,yduer9r@joomla.org,Female,23/05/1956
Leeland,Peterkin,lpeterkin9s@miitbeian.gov.cn,Male,13/03/1992
Catherin,Sheward,csheward9t@newyorker.com,Female,20/12/1980
Chaim,Flowith,cflowith9u@ed.gov,Male,13/03/1950
Mortie,Jacquemot,mjacquemot9v@posterous.com,Male,27/01/1982
Jo,Fairbridge,jfairbridge9w@devhub.com,Male,18/03/1994
Lee,Leindecker,lleindecker9x@rambler.ru,Female,15/11/1991
Jakob,Agar,jagar9y@usatoday.com,Male,18/08/1981
Neille,Drew-Clifton,ndrewclifton9z@sbwire.com,Female,15/10/1951
Cristobal,Gooddy,cgooddya0@jigsy.com,Male,28/05/1961
Trista,Hammerstone,thammerstonea1@google.es,Female,02/07/1970
Fionnula,Ollenbuttel,follenbuttela2@java.com,Female,18/08/1979
Ashla,Gartshore,agartshorea3@gravatar.com,Female,12/07/1995
Elsbeth,Eller,eellera4@histats.com,Female,07/04/1978
Morlee,Moppett,mmoppetta5@biglobe.ne.jp,Male,01/10/1982
Cosme,Searsby,csearsbya6@time.com,Male,16/02/1976
Annnora,Nehl,anehla7@live.com,Female,25/02/1952
Wendall,Bourke,wbourkea8@time.com,Male,22/09/1956
Aurelie,Caulwell,acaulwella9@mediafire.com,Female,05/05/1979
Jennilee,Baltzar,jbaltzaraa@prnewswire.com,Female,28/02/1955
Gipsy,Bowman,gbowmanab@bigcartel.com,Female,14/07/1964
Kinna,Paulat,kpaulatac@google.ca,Female,14/04/1957
Brina,Garratty,bgarrattyad@sciencedaily.com,Female,16/11/1953
Nikki,Leeburne,nleeburneae@squidoo.com,Male,23/10/1986
Tandie,Betton,tbettonaf@bbc.co.uk,Female,12/09/1964
Wynnie,Swatridge,wswatridgeag@dot.gov,Female,24/11/1955
Christy,Crutchfield,ccrutchfieldah@pagesperso-orange.fr,Male,07/08/1968
Doralin,Crysell,dcrysellai@wisc.edu,Female,02/09/1987
Boycie,McNeachtain,bmcneachtainaj@amazon.com,Male,20/05/1973
Buckie,Conry,bconryak@squarespace.com,Male,10/06/1972
Valina,Dabbs,vdabbsal@forbes.com,Female,28/09/1971
Moe,Waterhowse,mwaterhowseam@constantcontact.com,Male,13/08/1995
Jasen,Terrelly,jterrellyan@salon.com,Male,23/03/1997
Currey,Gooda,cgoodaao@ustream.tv,Male,11/04/1965
Gamaliel,Pollen,gpollenap@4shared.com,Male,22/10/1982
Pamella,Handman,phandmanaq@who.int,Female,19/04/1988
Tonie,Colkett,tcolkettar@free.fr,Female,11/01/1958
Selena,Szymonowicz,sszymonowiczas@icq.com,Female,27/12/1989
Justinian,Wigan,jwiganat@bizjournals.com,Male,20/09/1958
Even,Newcomb,enewcombau@census.gov,Male,16/08/1962
Stearne,Beedom,sbeedomav@amazon.co.jp,Male,21/04/1958
Wynn,Colvine,wcolvineaw@china.com.cn,Female,20/10/1966
Marcelo,Pettman,mpettmanax@hubpages.com,Male,17/10/1987
Coral,MacKenny,cmackennyay@mtv.com,Female,07/09/1965
Francesca,Ryce,fryceaz@walmart.com,Female,03/06/1987
Andriana,Blackstock,ablackstockb0@youku.com,Female,02/01/1972
Zaneta,Snowball,zsnowballb1@theguardian.com,Female,30/06/1979
Huntington,Fowkes,hfowkesb2@joomla.org,Male,10/08/1992
Zorana,Chill,zchillb3@ucoz.ru,Female,16/12/1999
Garrik,Mansbridge,gmansbridgeb4@bbb.org,Male,04/02/1964
Abrahan,Shuard,ashuardb5@zdnet.com,Male,09/12/1995
Chrystal,Rummin,crumminb6@printfriendly.com,Female,04/11/1987
La verne,Lampett,llampettb7@ustream.tv,Female,02/05/1969
Eyde,Piolli,epiollib8@bandcamp.com,Female,29/04/1953
Hurlee,Lambersen,hlambersenb9@creativecommons.org,Male,01/08/1972
Dee dee,Matzl,dmatzlba@rediff.com,Female,05/06/1954
Royce,Surpliss,rsurplissbb@twitter.com,Male,25/01/1966
Kingston,Finnie,kfinniebc@china.com.cn,Male,17/04/1962
Corny,Stickler,csticklerbd@technorati.com,Male,12/09/1957
Jasun,Mebius,jmebiusbe@meetup.com,Male,05/07/1999
Pascal,Oldroyd,poldroydbf@hugedomains.com,Male,03/07/1974
Hanson,Willgrass,hwillgrassbg@spotify.com,Male,03/10/1970
Luis,Ibanez,libanezbh@constantcontact.com,Male,05/03/1965
Etienne,Hamsley,ehamsleybi@discuz.net,Male,05/06/1961
Roderigo,Rajchert,rrajchertbj@columbia.edu,Male,05/01/1958
Moe,Werlock,mwerlockbk@imdb.com,Male,07/03/1959
Jefferey,Javes,jjavesbl@dot.gov,Male,02/02/1959
Irina,Petchey,ipetcheybm@prnewswire.com,Female,04/11/1976
Parry,De Cruz,pdecruzbn@sun.com,Male,23/02/1982
Rosita,Sharman,rsharmanbo@ebay.co.uk,Female,24/03/1986
Melany,Scothron,mscothronbp@bandcamp.com,Female,19/04/1985
Leonhard,Greally,lgreallybq@ucla.edu,Male,21/09/1976
Jenn,Guilleton,jguilletonbr@yelp.com,Female,24/09/1960
Dell,Swiffan,dswiffanbs@edublogs.org,Male,16/01/1975
Frants,Haller,fhallerbt@spiegel.de,Male,06/10/1993
Aluin,Kenvin,akenvinbu@issuu.com,Male,13/03/1993
Evangelina,Kennion,ekennionbv@xinhuanet.com,Female,01/01/1974
Marney,Runnacles,mrunnaclesbw@omniture.com,Female,12/09/1982
Sigvard,Gudeman,sgudemanbx@1688.com,Male,22/06/1962
Ron,Harmour,rharmourby@artisteer.com,Male,16/12/1982
Wernher,Yard,wyardbz@fc2.com,Male,07/03/1965
Renee,Constance,rconstancec0@zimbio.com,Female,01/02/1984
Prentiss,Irce,pircec1@state.tx.us,Male,26/10/1994
Bertrand,Trippitt,btrippittc2@google.co.jp,Male,30/01/1972
Aluin,Dockrey,adockreyc3@cisco.com,Male,18/02/1950
Jerrome,Swede,jswedec4@plala.or.jp,Male,14/07/1975
Barton,Bradnick,bbradnickc5@de.vu,Male,10/09/1982
Katleen,Harbidge,kharbidgec6@bluehost.com,Female,01/06/1951
Sancho,Lofts,sloftsc7@yale.edu,Male,02/06/1962
Hilary,Enderle,henderlec8@deviantart.com,Male,23/02/1969
Deedee,Greveson,dgrevesonc9@lycos.com,Female,25/11/1964
Dominik,Haverty,dhavertyca@cam.ac.uk,Male,23/06/1992
Bertina,Talby,btalbycb@acquirethisname.com,Female,14/12/1974
Parker,Gulc,pgulccc@seesaa.net,Male,06/09/1977
Erinn,Bare,ebarecd@marriott.com,Female,29/07/1993
Julius,Brislan,jbrislance@ning.com,Male,16/05/1963
Yale,Brisson,ybrissoncf@163.com,Male,21/01/1980
Desmond,Matlock,dmatlockcg@ted.com,Male,15/09/1969
Elfrida,Pavis,epavisch@goo.ne.jp,Female,09/11/1987
Rhona,Whittick,rwhittickci@nba.com,Female,29/07/1975
Gil,Christall,gchristallcj@wikipedia.org,Male,13/11/1968
Vania,Horney,vhorneyck@liveinternet.ru,Female,25/07/1992
Caye,Verbrugge,cverbruggecl@barnesandnoble.com,Female,18/11/1958
Geri,Snoding,gsnodingcm@amazon.co.jp,Female,01/04/1956
Gerrie,Claisse,gclaissecn@biglobe.ne.jp,Female,21/10/1983
Donn,Groven,dgrovenco@mlb.com,Male,08/05/1992
Bronson,Beat,bbeatcp@tamu.edu,Male,15/12/1961
Minna,Brownsell,mbrownsellcq@walmart.com,Female,04/06/1978
Mariellen,Eldrid,meldridcr@skype.com,Female,05/03/1982
Cinnamon,Touret,ctouretcs@boston.com,Female,01/10/1957
Idelle,Dobbson,idobbsonct@webeden.co.uk,Female,07/05/1993
Dugald,Sexten,dsextencu@tumblr.com,Male,08/01/1960
Geordie,Di Biasi,gdibiasicv@marketwatch.com,Male,13/04/1958
Nickolas,Greendale,ngreendalecw@weebly.com,Male,16/07/1967
Fidela,Pinkard,fpinkardcx@google.de,Female,18/08/1983
Melania,Woodham,mwoodhamcy@examiner.com,Female,27/10/1974
Rosalinde,Toomer,rtoomercz@va.gov,Female,05/02/1980
Alyda,Lorant,alorantd0@berkeley.edu,Female,15/02/1982
Merle,Vigers,mvigersd1@goo.ne.jp,Male,03/07/1976
Gregor,Foxton,gfoxtond2@marriott.com,Male,18/05/1979
Kin,Dods,kdodsd3@narod.ru,Male,08/02/1962
Frederigo,Jenny,fjennyd4@ca.gov,Male,01/02/1968
Daphne,Dodle,ddodled5@cloudflare.com,Female,30/03/1982
Phylis,Fromant,pfromantd6@163.com,Female,03/12/1953
Leandra,Ryle,lryled7@webmd.com,Female,01/07/1977
Debbi,Challace,dchallaced8@dot.gov,Female,05/10/1956
Baxie,Fishbourn,bfishbournd9@ucsd.edu,Male,26/03/1953
Marshall,Oxborough,moxboroughda@psu.edu,Male,25/01/1961
Vonny,Crosen,vcrosendb@wiley.com,Female,06/06/1991
Gui,Dunning,gdunningdc@nymag.com,Female,03/04/1967
Alden,Gulliford,agulliforddd@vinaora.com,Male,17/04/1974
Norris,Damato,ndamatode@mayoclinic.com,Male,23/03/1979
Britt,Brunsden,bbrunsdendf@slashdot.org,Male,22/09/1987
Hubie,Casemore,hcasemoredg@ustream.tv,Male,02/01/1993
Leslie,Rosenstiel,lrosenstieldh@twitter.com,Male,25/01/1986
Magdaia,Thomasset,mthomassetdi@squarespace.com,Female,21/11/1952
Clem,McCaffrey,cmccaffreydj@amazon.com,Male,11/10/1988
Emmett,Hundy,ehundydk@state.gov,Male,29/08/1983
Sandy,Lewnden,slewndendl@icq.com,Male,04/05/1950
Claudette,Davydochkin,cdavydochkindm@etsy.com,Female,05/12/1954
Odille,Bulgen,obulgendn@fema.gov,Female,01/07/1960
Orelle,Haswall,ohaswalldo@diigo.com,Female,07/04/1980
Christy,Pallesen,cpallesendp@berkeley.edu,Female,10/07/1956
Gustave,Anderbrugge,ganderbruggedq@bigcartel.com,Male,20/07/1976
Carlie,Outlaw,coutlawdr@mlb.com,Male,13/06/1979
Taite,Lindborg,tlindborgds@businessweek.com,Male,30/05/1959
Samara,Eagleton,seagletondt@sun.com,Female,06/09/1959
Carly,Janecki,cjaneckidu@example.com,Male,05/05/1993
Lonna,Trillo,ltrillodv@nps.gov,Female,26/02/1957
El,Bresson,ebressondw@newyorker.com,Male,19/06/1990
Leroi,Worley,lworleydx@dailymail.co.uk,Male,14/10/1995
Fergus,Muro,fmurody@blogtalkradio.com,Male,30/10/1952
Betteanne,Dyett,bdyettdz@printfriendly.com,Female,02/01/1966
Annelise,Gentery,agenterye0@newyorker.com,Female,24/05/1952
Cassius,Franklin,cfrankline1@mtv.com,Male,14/09/1988
Arabela,Deabill,adeabille2@google.com.au,Female,19/07/1986
Faunie,Sheehan,fsheehane3@craigslist.org,Female,04/03/1999
Vernor,Gravenor,vgravenore4@de.vu,Male,16/07/1974
Benji,Hazell,bhazelle5@blogtalkradio.com,Male,30/03/1989
Hayyim,McDonell,hmcdonelle6@theatlantic.com,Male,23/01/1986
Saundra,Mackrell,smackrelle7@bloglovin.com,Female,05/03/1975
Leigh,Perazzo,lperazzoe8@google.com.br,Female,06/09/1961
Alexandro,Stolte,astoltee9@reddit.com,Male,29/11/1990
Bel,Bushaway,bbushawayea@tumblr.com,Female,29/11/1959
Hollyanne,Nerval,hnervaleb@dropbox.com,Female,19/09/1997
Cyndia,Domegan,cdomeganec@canalblog.com,Female,22/06/1996
Kimbra,Feitosa,kfeitosaed@yellowbook.com,Female,09/10/1993
Darby,Pharro,dpharroee@yahoo.com,Male,25/11/1956
Alvira,Vacher,avacheref@deviantart.com,Female,09/05/1953
Jessa,Gillino,jgillinoeg@zimbio.com,Female,12/04/1966
Sallee,Ivanshintsev,sivanshintseveh@epa.gov,Female,21/06/1990
Kev,Casari,kcasariei@mozilla.org,Male,26/04/1970
Corly,Busain,cbusainej@goo.gl,Female,26/05/1983
Sheppard,Foulgham,sfoulghamek@newsvine.com,Male,04/12/1964
Masha,Lee,mleeel@mail.ru,Female,03/10/1987
Cammie,Brando,cbrandoem@nps.gov,Female,10/06/1952
Teodoro,Luddy,tluddyen@unc.edu,Male,03/04/1966
Pinchas,Godleman,pgodlemaneo@ucoz.ru,Male,12/08/1967
Sibyl,Doerling,sdoerlingep@vimeo.com,Male,13/04/1959
Dannie,Matijasevic,dmatijaseviceq@princeton.edu,Female,26/03/1997
Valene,Kobisch,vkobischer@drupal.org,Female,22/11/1979
Matias,Acreman,macremanes@baidu.com,Male,05/02/1999
Moina,Hurne,mhurneet@wisc.edu,Female,19/09/1993
Renee,Ramshay,rramshayeu@nhs.uk,Female,02/02/1960
Drucy,Blaver,dblaverev@kickstarter.com,Female,16/06/1951
Dominik,Swinbourne,dswinbourneew@icq.com,Male,22/01/1993
Gabrielle,Bilovsky,gbilovskyex@a8.net,Female,29/07/1992
Claudie,Dew,cdewey@marriott.com,Female,01/07/1959
Wanids,Blaker,wblakerez@tinyurl.com,Female,15/11/1989
Rem,Clulow,rclulowf0@berkeley.edu,Male,01/11/1986
Gayelord,Maliffe,gmaliffef1@tumblr.com,Male,27/07/1970
Moses,O'Downe,modownef2@tinyurl.com,Male,21/10/1962
Irv,Sabbin,isabbinf3@devhub.com,Male,03/04/1960
Shannen,Proswell,sproswellf4@wikipedia.org,Female,03/03/1984
Hayden,Edworthye,hedworthyef5@myspace.com,Male,02/12/1989
Latrena,Headington,lheadingtonf6@auda.org.au,Female,25/06/1962
Benjie,VanBrugh,bvanbrughf7@soup.io,Male,19/04/1958
Drew,Yepiskov,dyepiskovf8@psu.edu,Male,28/06/1988
Bebe,Cayzer,bcayzerf9@chron.com,Female,28/11/1967
Julieta,Antao,jantaofa@google.com,Female,09/10/1958
Brynn,Oxx,boxxfb@vk.com,Female,24/04/1988
Georgianne,Benwell,gbenwellfc@nifty.com,Female,22/09/1984
Nixie,Rangell,nrangellfd@tripod.com,Female,07/10/1994
Kimberlee,Manhare,kmanharefe@skype.com,Female,30/10/1994
Diarmid,Gotliffe,dgotliffeff@hubpages.com,Male,07/11/1977
Boyd,Baskerfield,bbaskerfieldfg@usatoday.com,Male,28/03/1983
Gardy,Elgie,gelgiefh@dailymotion.com,Male,05/04/1960
Suzanne,Frise,sfrisefi@harvard.edu,Female,08/09/1992
Mariele,Cluely,mcluelyfj@ocn.ne.jp,Female,19/03/1999
Pete,Padbery,ppadberyfk@intel.com,Male,21/05/1982
Kyle,Blore,kblorefl@instagram.com,Male,15/11/1988
Lonee,Cordeiro,lcordeirofm@indiatimes.com,Female,16/03/1977
Gardner,Dane,gdanefn@unc.edu,Male,31/03/1970
Roman,Flawn,rflawnfo@epa.gov,Male,21/08/1990
Kale,Skipperbottom,kskipperbottomfp@mail.ru,Male,14/06/1988
Valeda,Berrie,vberriefq@mysql.com,Female,22/03/1985
Conney,Canty,ccantyfr@sphinn.com,Male,02/08/1964
Mella,Halford,mhalfordfs@squidoo.com,Female,30/12/1996
Fifine,Lapish,flapishft@dropbox.com,Female,11/06/1976
Hillary,Normanvill,hnormanvillfu@google.com.hk,Female,09/07/1986
Melony,Healeas,mhealeasfv@yelp.com,Female,25/06/1968
Dunc,Franzoli,dfranzolifw@symantec.com,Male,05/03/1960
Dietrich,Stockle,dstocklefx@alexa.com,Male,28/01/1958
Karylin,Botha,kbothafy@upenn.edu,Female,15/01/1965
Henrik,Spendley,hspendleyfz@ucla.edu,Male,12/12/1995
Darleen,Frankcom,dfrankcomg0@yellowbook.com,Female,18/12/1998
Christie,Idney,cidneyg1@sphinn.com,Male,23/09/1958
Hussein,Bolderoe,hbolderoeg2@irs.gov,Male,28/07/1960
Chet,Stove,cstoveg3@booking.com,Male,20/12/1990
Becki,Bristoe,bbristoeg4@tuttocitta.it,Female,28/06/1956
Anastasie,Dohr,adohrg5@addthis.com,Female,06/09/1968
Kelcie,Milborn,kmilborng6@clickbank.net,Female,01/09/1986
Welby,Polland,wpollandg7@rambler.ru,Male,31/08/1974
Tammie,Raulin,trauling8@cdbaby.com,Male,26/11/1977
Sandy,Fripps,sfrippsg9@amazon.co.uk,Male,23/04/1966
Adah,Lambkin,alambkinga@skyrock.com,Female,21/08/1992
Mohammed,Barehead,mbareheadgb@blinklist.com,Male,23/06/1971
Curtis,Renfield,crenfieldgc@intel.com,Male,12/12/1975
Harriot,Vannuccini,hvannuccinigd@blinklist.com,Female,21/06/1986
Zita,Sevior,zseviorge@foxnews.com,Female,10/09/1995
Rosabel,Dayly,rdaylygf@drupal.org,Female,02/03/1995
Krissy,Cogswell,kcogswellgg@multiply.com,Female,08/11/1979
Prue,Lyard,plyardgh@uol.com.br,Female,26/10/1997
Dalis,Ryal,dryalgi@vistaprint.com,Male,13/03/1983
Fanchette,Wicken,fwickengj@ftc.gov,Female,28/02/1999
Gardiner,Hulson,ghulsongk@pcworld.com,Male,13/04/1978
Tiler,Barnaclough,tbarnacloughgl@cbc.ca,Male,14/07/1979
Hollyanne,Branch,hbranchgm@shinystat.com,Female,22/04/1965
Shaylynn,Tedstone,stedstonegn@msu.edu,Female,19/04/1951
Joelie,Selley,jselleygo@mac.com,Female,19/12/1971
Francine,Kinnen,fkinnengp@imdb.com,Female,05/10/1958
Hammad,Scriven,hscrivengq@ed.gov,Male,01/09/1979
Dimitry,Eaken,deakengr@sciencedaily.com,Male,04/11/1971
Corrina,Bassil,cbassilgs@studiopress.com,Female,08/08/1950
Conny,Hounson,chounsongt@nytimes.com,Female,25/11/1988
Chip,Jeffries,cjeffriesgu@fc2.com,Male,22/12/1973
Orelia,Renish,orenishgv@nyu.edu,Female,15/08/1996
Estel,Pozzi,epozzigw@dailymail.co.uk,Female,25/02/1964
Leodora,Ropars,lroparsgx@fc2.com,Female,27/08/1981
Ed,Ruddlesden,eruddlesdengy@studiopress.com,Male,24/12/1959
Dennison,Smyley,dsmyleygz@exblog.jp,Male,23/04/1955
Hunter,Road,hroadh0@ibm.com,Male,17/02/1980
Gerry,Bosden,gbosdenh1@cnn.com,Male,20/04/1961
Wilma,Pley,wpleyh2@thetimes.co.uk,Female,20/05/1984
Averyl,Beldum,abeldumh3@mac.com,Female,08/02/1973
Bourke,Dougherty,bdoughertyh4@taobao.com,Male,09/01/1974
Cal,Amos,camosh5@eepurl.com,Male,10/10/1968
Batholomew,Wallbank,bwallbankh6@nba.com,Male,09/10/1953
Rodrick,Sails,rsailsh7@pcworld.com,Male,30/04/1959
Randene,Fealy,rfealyh8@yandex.ru,Female,05/11/1960
Emmalynne,Pracy,epracyh9@ox.ac.uk,Female,11/11/1987
Rourke,Choldcroft,rcholdcroftha@ihg.com,Male,14/08/1974
Fons,Girth,fgirthhb@quantcast.com,Male,27/05/1970
Maxie,Hegg,mhegghc@yolasite.com,Male,26/06/1971
Donella,Mitro,dmitrohd@va.gov,Female,19/05/1991
Justinian,Logg,jlogghe@flavors.me,Male,11/05/1975
Zora,Bissill,zbissillhf@archive.org,Female,07/04/1996
Ky,Millis,kmillishg@oaic.gov.au,Male,21/07/1979
Tanney,Rowcastle,trowcastlehh@flickr.com,Male,14/05/1958
Abeu,Chaize,achaizehi@apple.com,Male,25/06/1994
Georgy,Rushman,grushmanhj@weibo.com,Male,13/07/1979
Joyous,Meade,jmeadehk@techcrunch.com,Female,20/07/1996
Elinor,Brownsall,ebrownsallhl@gov.uk,Female,08/05/1979
Codie,Sealey,csealeyhm@wikipedia.org,Female,01/12/1962
Berrie,Moynham,bmoynhamhn@soundcloud.com,Female,16/08/1989
Lonni,Chastel,lchastelho@wunderground.com,Female,21/10/1963
Farly,Berthel,fberthelhp@ted.com,Male,02/04/1999
Willie,Duesbury,wduesburyhq@globo.com,Male,01/06/1991
Mordecai,De Cristofalo,mdecristofalohr@ning.com,Male,26/02/1991
Corena,Angus,cangushs@senate.gov,Female,10/06/1970
Buck,Keeping,bkeepinght@ucoz.com,Male,15/05/1993
Cody,Bassano,cbassanohu@biglobe.ne.jp,Male,13/06/1971
Kaspar,Castanyer,kcastanyerhv@loc.gov,Male,14/08/1995
Lizabeth,Praton,lpratonhw@yale.edu,Female,23/10/1961
Laurence,Karleman,lkarlemanhx@europa.eu,Male,10/12/1975
Emlen,Band,ebandhy@umich.edu,Male,19/11/1954
Garwin,Dyster,gdysterhz@shutterfly.com,Male,24/03/1991
Bogey,Bramont,bbramonti0@etsy.com,Male,01/06/1962
Jermayne,Collingridge,jcollingridgei1@state.gov,Male,23/08/1965
Derron,Enefer,deneferi2@tamu.edu,Male,25/07/1973
Donica,Lowbridge,dlowbridgei3@house.gov,Female,29/12/1976
Alvy,Cogdell,acogdelli4@google.com.br,Male,09/10/1979
Iorgos,Baake,ibaakei5@acquirethisname.com,Male,11/08/1978
Knox,Prothero,kprotheroi6@goo.ne.jp,Male,14/06/1954
Regan,Claricoates,rclaricoatesi7@bluehost.com,Male,17/05/1958
Morie,Sinnat,msinnati8@pagesperso-orange.fr,Male,09/11/1998
Helen-elizabeth,Jiracek,hjiraceki9@dot.gov,Female,11/03/1979
Benny,Siddons,bsiddonsia@reddit.com,Male,05/12/1966
Merry,Singyard,msingyardib@youtu.be,Female,15/11/1963
Quinta,Mannin,qmanninic@redcross.org,Female,15/12/1973
Belinda,Shaudfurth,bshaudfurthid@weibo.com,Female,21/12/1969
Kalvin,Wallbrook,kwallbrookie@cloudflare.com,Male,04/07/1985
Colas,Hook,chookif@wiley.com,Male,01/12/1974
Raddie,Inseal,rinsealig@fc2.com,Male,08/11/1968
Bordie,Jeandillou,bjeandillouih@sbwire.com,Male,13/11/1978
Hattie,Rundall,hrundallii@psu.edu,Female,09/05/1989
Jolie,Strelitzer,jstrelitzerij@hatena.ne.jp,Female,18/08/1978
Leia,Offa,loffaik@netscape.com,Female,15/06/1979
Thadeus,Crosse,tcrosseil@t.co,Male,14/10/1988
Lou,Croix,lcroixim@blog.com,Female,18/08/1978
Urban,Valero,uvaleroin@gnu.org,Male,12/05/1955
Codi,Airdrie,cairdrieio@infoseek.co.jp,Male,05/06/1960
Benjy,Eggle,beggleip@ovh.net,Male,25/01/1966
Hailee,Hrishchenko,hhrishchenkoiq@wisc.edu,Female,31/12/1976
Mickie,Trenaman,mtrenamanir@4shared.com,Male,09/05/1966
Doyle,De Mico,ddemicois@liveinternet.ru,Male,06/01/1975
Katherine,Arniz,karnizit@1und1.de,Female,30/11/1961
Ericha,Heinonen,eheinoneniu@webnode.com,Female,25/06/1953
Dewain,Igglesden,digglesdeniv@bbb.org,Male,28/01/1954
Chelsy,Rumney,crumneyiw@arstechnica.com,Female,08/01/1970
Ode,Leisk,oleiskix@shutterfly.com,Male,24/09/1956
Crichton,Richardson,crichardsoniy@topsy.com,Male,14/03/1956
Annecorinne,Horsburgh,ahorsburghiz@npr.org,Female,10/12/1975
Manny,Brydson,mbrydsonj0@google.com.au,Male,02/06/1995
Nessi,Roof,nroofj1@woothemes.com,Female,08/03/1969
Gar,Sneezum,gsneezumj2@cnet.com,Male,08/04/1993
Astrix,McEttigen,amcettigenj3@devhub.com,Female,11/11/1999
Laurence,Lomansey,llomanseyj4@blogger.com,Male,14/06/1987
Fritz,Tregona,ftregonaj5@vimeo.com,Male,07/05/1977
Jerrie,Bourdas,jbourdasj6@booking.com,Male,04/04/1952
Jacquelin,Ebbings,jebbingsj7@multiply.com,Female,14/06/1953
Carmelita,Eland,celandj8@cisco.com,Female,15/09/1951
Myranda,Estable,mestablej9@pagesperso-orange.fr,Female,27/11/1963
Lavinie,Anyene,lanyeneja@sciencedaily.com,Female,04/10/1991
Jacobo,Watkinson,jwatkinsonjb@wordpress.com,Male,15/07/1952
Priscilla,Skipton,pskiptonjc@multiply.com,Female,20/06/1986
Clara,Claridge,cclaridgejd@chron.com,Female,26/11/1952
Brynn,Peagram,bpeagramje@twitpic.com,Female,17/11/1970
Georgena,Beautyman,gbeautymanjf@bloglovin.com,Female,29/06/1958
Carol-jean,Yuill,cyuilljg@forbes.com,Female,06/09/1980
Kristos,Metzig,kmetzigjh@prnewswire.com,Male,06/11/1958
Abbye,Cardus,acardusji@ft.com,Female,30/10/1960
Buiron,Bailes,bbailesjj@unicef.org,Male,14/06/1970
Colet,Alster,calsterjk@shutterfly.com,Male,08/02/1990
Roseanna,Pointer,rpointerjl@gmpg.org,Female,25/06/1950
Genevra,Baggallay,gbaggallayjm@businessweek.com,Female,12/02/1993
Bliss,Belle,bbellejn@japanpost.jp,Female,13/05/1955
Paige,Mellows,pmellowsjo@youku.com,Male,17/10/1950
Corny,Dubois,cduboisjp@ebay.com,Female,16/12/1951
Federica,Mordon,fmordonjq@t.co,Female,01/06/1988
Osborn,Rossant,orossantjr@wix.com,Male,10/11/1975
Tadeo,Burhill,tburhilljs@behance.net,Male,28/01/1997
Leighton,Scrane,lscranejt@hc360.com,Male,27/01/1958
Harlie,Woollcott,hwoollcottju@hatena.ne.jp,Female,16/07/1960
Asher,Dreakin,adreakinjv@harvard.edu,Male,06/02/1973
Neall,Guilfoyle,nguilfoylejw@nyu.edu,Male,24/12/1988
Broderic,A'field,bafieldjx@nytimes.com,Male,21/11/1963
Desmund,Wildes,dwildesjy@deviantart.com,Male,12/06/1963
Haydon,Grunnill,hgrunnilljz@bizjournals.com,Male,24/10/1966
Daune,Fallawe,dfallawek0@oaic.gov.au,Female,18/03/1963
Normy,Havvock,nhavvockk1@123-reg.co.uk,Male,07/09/1999
Helaina,Oglevie,hogleviek2@google.it,Female,03/02/1978
Manuel,Kiezler,mkiezlerk3@usa.gov,Male,19/09/1963
Federico,Babbage,fbabbagek4@ezinearticles.com,Male,30/01/1987
Brook,Vest,bvestk5@moonfruit.com,Male,28/04/1981
Annabela,Farran,afarrank6@gravatar.com,Female,27/01/1987
Phyllys,Scamel,pscamelk7@bing.com,Female,28/11/1960
Nicolette,Trudgion,ntrudgionk8@lycos.com,Female,26/09/1990
Jessalyn,Jowling,jjowlingk9@psu.edu,Female,15/05/1996
Malena,Lyptrit,mlyptritka@multiply.com,Female,21/03/1999
Eunice,Keast,ekeastkb@ft.com,Female,17/03/1954
Dolf,Bruckshaw,dbruckshawkc@boston.com,Male,21/05/1971
Tripp,Anwyl,tanwylkd@blogs.com,Male,28/07/1962
Merv,Kemp,mkempke@ibm.com,Male,14/07/1999
Mathilde,Matusson,mmatussonkf@independent.co.uk,Female,07/07/1985
Maddie,Onians,monianskg@domainmarket.com,Female,24/06/1957
Lilllie,McKintosh,lmckintoshkh@yellowbook.com,Female,05/12/1981
Roda,Storrock,rstorrockki@time.com,Female,28/04/1955
Grover,Bould,gbouldkj@canalblog.com,Male,22/09/1984
Clarance,Callister,ccallisterkk@examiner.com,Male,13/05/1950
Berthe,Moneypenny,bmoneypennykl@lulu.com,Female,20/08/1969
Heather,Jakoubec,hjakoubeckm@list-manage.com,Female,24/01/1994
Amble,Huitt,ahuittkn@hhs.gov,Male,24/10/1970
Ferdie,Fellowes,ffellowesko@ask.com,Male,23/03/1983
Hamil,Mattholie,hmattholiekp@trellian.com,Male,04/01/1987
Amye,Allcorn,aallcornkq@oakley.com,Female,24/06/1962
Davine,Loadsman,dloadsmankr@51.la,Female,08/01/1959
Klaus,Jagielski,kjagielskiks@indiegogo.com,Male,21/03/1983
Mano,Stubbert,mstubbertkt@weibo.com,Male,11/04/1984
Reeta,Silbert,rsilbertku@tinyurl.com,Female,15/07/1954
Sibeal,Bass,sbasskv@shinystat.com,Female,05/03/1955
Rois,Fake,rfakekw@blog.com,Female,28/02/1997
Melita,Catonne,mcatonnekx@nytimes.com,Female,11/08/1970
Gordon,Marielle,gmarielleky@whitehouse.gov,Male,14/01/1957
Scotti,Oppie,soppiekz@shutterfly.com,Male,02/02/1990
Tymon,McCombe,tmccombel0@mapquest.com,Male,16/02/1965
Meredith,Backe,mbackel1@joomla.org,Female,27/03/1998
Kleon,Moorey,kmooreyl2@gizmodo.com,Male,14/11/1977
Bartel,Curnock,bcurnockl3@cam.ac.uk,Male,17/07/1983
Carly,Ebi,cebil4@howstuffworks.com,Male,28/02/1950
Claudianus,Stainburn,cstainburnl5@digg.com,Male,07/04/1984
Rosalinda,Ilden,rildenl6@theglobeandmail.com,Female,12/09/1973
Beverley,Currall,bcurralll7@elegantthemes.com,Female,25/12/1986
Ophelia,Pennigar,opennigarl8@opensource.org,Female,11/11/1953
Michelle,Wauchope,mwauchopel9@businessweek.com,Female,26/04/1964
Morrie,Feetham,mfeethamla@guardian.co.uk,Male,06/03/1991
Claresta,O' Brian,cobrianlb@hostgator.com,Female,01/11/1954
Saba,Baradel,sbaradellc@aboutads.info,Female,18/09/1963
Herminia,Shanks,hshanksld@flickr.com,Female,26/01/1969
Blanche,Lillico,blillicole@amazon.com,Female,18/08/1973
Keefer,Maevela,kmaevelalf@zimbio.com,Male,15/11/1966
Stern,O' Byrne,sobyrnelg@mayoclinic.com,Male,14/06/1995
Aluino,Boissier,aboissierlh@examiner.com,Male,22/10/1979
Jessee,Gaskarth,jgaskarthli@typepad.com,Male,19/02/1993
Leanora,MacCurley,lmaccurleylj@w3.org,Female,13/03/1980
Merwin,Antcliffe,mantcliffelk@wikia.com,Male,07/09/1997
Gina,Castelletti,gcastellettill@quantcast.com,Female,18/03/1969
Edlin,Durand,edurandlm@yandex.ru,Male,24/10/1965
Constantino,Habron,chabronln@ft.com,Male,19/05/1999
Arlen,Hovington,ahovingtonlo@plala.or.jp,Male,06/06/1998
Park,Ingham,pinghamlp@bloglines.com,Male,01/07/1991
Skipp,Turnpenny,sturnpennylq@odnoklassniki.ru,Male,03/11/1996
Arty,Hollidge,ahollidgelr@sogou.com,Male,23/05/1993
Lorraine,Harnett,lharnettls@mozilla.com,Female,15/07/1954
Batsheva,Byrcher,bbyrcherlt@cbslocal.com,Female,02/01/1963
Aubry,Clabburn,aclabburnlu@canalblog.com,Female,25/01/1999
Johannah,Sturdey,jsturdeylv@youtu.be,Female,23/03/1968
Hobie,Sawle,hsawlelw@google.pl,Male,23/08/1964
Wilhelm,Georges,wgeorgeslx@squidoo.com,Male,26/05/1979
Gerri,MacAskill,gmacaskillly@myspace.com,Male,09/08/1951
Christie,Gallyon,cgallyonlz@nytimes.com,Female,18/05/1974
Euell,O'Crigan,eocriganm0@buzzfeed.com,Male,19/06/1982
Gregorius,Frain,gfrainm1@prlog.org,Male,16/10/1973
Rodolphe,O'Hern,rohernm2@sourceforge.net,Male,13/04/1991
Iver,Kemet,ikemetm3@t-online.de,Male,10/10/1960
Annamarie,O'Gorman,aogormanm4@51.la,Female,12/03/1998
Prent,Tullot,ptullotm5@t-online.de,Male,21/09/1964
Alphard,Toke,atokem6@unesco.org,Male,05/02/1999
Krista,Vigietti,kvigiettim7@illinois.edu,Female,17/11/1956
Ariella,Menzies,amenziesm8@theatlantic.com,Female,22/06/1998
Eimile,Roddick,eroddickm9@answers.com,Female,19/03/1980
Gleda,Orrom,gorromma@discuz.net,Female,16/06/1994
Kris,Jell,kjellmb@nydailynews.com,Female,10/10/1953
Brandie,Curnnokk,bcurnnokkmc@princeton.edu,Female,16/08/1983
Conny,Mellsop,cmellsopmd@g.co,Female,03/08/1979
Bay,Brosoli,bbrosolime@sitemeter.com,Male,30/03/1992
Kelly,Vader,kvadermf@constantcontact.com,Female,06/11/1963
Addison,Shiers,ashiersmg@freewebs.com,Male,13/07/1981
Ronny,MacDearmaid,rmacdearmaidmh@ucla.edu,Female,27/06/1950
Thibaud,Marieton,tmarietonmi@deviantart.com,Male,08/08/1966
Conant,Spall,cspallmj@columbia.edu,Male,13/07/1963
Marianna,Dunckley,mdunckleymk@ask.com,Female,06/08/1957
Evie,Nealy,enealyml@wordpress.com,Female,06/11/1987
Olag,Lipgens,olipgensmm@mediafire.com,Male,24/02/1951
Lyda,Kiddey,lkiddeymn@hostgator.com,Female,05/05/1988
Tirrell,Lugden,tlugdenmo@washingtonpost.com,Male,10/03/1977
Yoshiko,McDougle,ymcdouglemp@cbc.ca,Female,13/12/1979
Nefen,Pressland,npresslandmq@adobe.com,Male,23/11/1974
Hansiain,Hamber,hhambermr@harvard.edu,Male,12/12/1966
Janene,Branney,jbranneyms@ning.com,Female,18/02/1965
Rob,Limb,rlimbmt@discovery.com,Male,18/02/1966
Mikol,Manuello,mmanuellomu@google.com.hk,Male,12/01/1963
Feliks,Brine,fbrinemv@patch.com,Male,08/12/1955
Oralee,Badrock,obadrockmw@bloglines.com,Female,14/09/1974
Aviva,Danes,adanesmx@google.cn,Female,26/09/1978
Rollins,Amort,ramortmy@altervista.org,Male,17/11/1989
Alma,Kirckman,akirckmanmz@tuttocitta.it,Female,28/12/1983
Tremain,Fernier,tferniern0@oracle.com,Male,23/04/1982
Ginevra,Martusov,gmartusovn1@github.io,Female,21/12/1964
Phaidra,Wathell,pwathelln2@ezinearticles.com,Female,31/03/1950
Rochelle,Bartle,rbartlen3@hp.com,Female,22/06/1975
Ellen,MacFaul,emacfauln4@pagesperso-orange.fr,Female,14/02/1954
Rois,Messenbird,rmessenbirdn5@ft.com,Female,08/02/1960
Cherish,Hardstaff,chardstaffn6@usatoday.com,Female,08/08/1977
Viviana,Craydon,vcraydonn7@java.com,Female,21/05/1981
Poul,Raddan,praddann8@ebay.com,Male,01/10/1970
Clementina,Barrasse,cbarrassen9@bing.com,Female,17/01/1972
Ola,Rosenfelder,orosenfelderna@php.net,Female,13/06/1977
Arvy,Godbehere,agodbeherenb@howstuffworks.com,Male,03/05/1951
Lucky,Dittson,ldittsonnc@java.com,Female,28/11/1955
Ashli,Barlthrop,abarlthropnd@prnewswire.com,Female,20/08/1999
Hilary,Artin,hartinne@huffingtonpost.com,Female,30/05/1970
Meir,Christofides,mchristofidesnf@qq.com,Male,02/11/1997
Antonio,Regan,areganng@instagram.com,Male,18/06/1988
Rubia,Switsur,rswitsurnh@nps.gov,Female,17/07/1958
Gardener,Casserley,gcasserleyni@rediff.com,Male,09/12/1990
Abby,Powney,apowneynj@walmart.com,Female,01/03/1998
Aurthur,Gummary,agummarynk@hexun.com,Male,17/05/1990
Cynthie,Skeats,cskeatsnl@hp.com,Female,21/10/1988
Bartholomew,Janodet,bjanodetnm@oaic.gov.au,Male,22/12/1975
Osbourn,Radbourne,oradbournenn@usnews.com,Male,13/06/1977
Kath,Haggata,khaggatano@scientificamerican.com,Female,20/04/1997
Ursola,Dybell,udybellnp@springer.com,Female,01/01/1990
Simonette,Bienvenu,sbienvenunq@homestead.com,Female,29/05/1995
Barris,Yakhin,byakhinnr@tamu.edu,Male,15/07/1960
Cyb,Hallex,challexns@pen.io,Female,15/10/1974
Matti,McClure,mmcclurent@etsy.com,Female,02/11/1978
Joanna,Gleed,jgleednu@soup.io,Female,01/09/1960
Brenn,Benediktovich,bbenediktovichnv@prnewswire.com,Female,14/04/1996
Dylan,Brouncker,dbrounckernw@indiegogo.com,Male,09/05/1972
Bentley,Selvey,bselveynx@ning.com,Male,08/09/1959
Ford,O'Shevlin,foshevlinny@devhub.com,Male,05/05/1973
Lyndy,Crispin,lcrispinnz@bigcartel.com,Female,01/12/1983
Cleve,Daish,cdaisho0@pinterest.com,Male,03/05/1992
Juliann,Eayrs,jeayrso1@baidu.com,Female,07/06/1953
Boote,Vost,bvosto2@buzzfeed.com,Male,17/10/1968
Byram,Caple,bcapleo3@imgur.com,Male,06/11/1981
Dermot,Blankenship,dblankenshipo4@reverbnation.com,Male,25/11/1992
Lorain,Gorioli,lgoriolio5@opensource.org,Female,01/04/1987
Byram,Coulthard,bcoulthardo6@reverbnation.com,Male,26/01/1995
Sid,Korda,skordao7@java.com,Male,09/01/1980
Arther,Smallacombe,asmallacombeo8@lycos.com,Male,01/04/1989
Zondra,Bendon,zbendono9@census.gov,Female,15/05/1984
Alfonse,Zmitruk,azmitrukoa@ucla.edu,Male,01/09/1975
Ferd,Spelsbury,fspelsburyob@wikipedia.org,Male,06/10/1956
Shanie,Leamon,sleamonoc@barnesandnoble.com,Female,17/12/1992
Marnia,Lenoir,mlenoirod@bloglovin.com,Female,22/08/1954
Ketti,Leacy,kleacyoe@de.vu,Female,04/02/1959
Umberto,Grotty,ugrottyof@biglobe.ne.jp,Male,24/06/1950
Tory,Quig,tquigog@springer.com,Female,01/02/1995
Reinhold,MacCurlye,rmaccurlyeoh@dell.com,Male,08/07/1969
Glynnis,Gaize,ggaizeoi@pen.io,Female,06/02/1982
Lucienne,Cureton,lcuretonoj@creativecommons.org,Female,17/10/1987
Jemimah,Woodcraft,jwoodcraftok@netvibes.com,Female,24/05/1955
Simone,Reinger,sreingerol@freewebs.com,Female,12/03/1987
Adolf,Brandone,abrandoneom@thetimes.co.uk,Male,27/07/1960
Tillie,Preston,tprestonon@lulu.com,Female,24/07/1964
Lou,Gilsthorpe,lgilsthorpeoo@trellian.com,Male,17/10/1992
Kaye,Minmagh,kminmaghop@dailymotion.com,Female,19/03/1967
Lelia,Gudger,lgudgeroq@hc360.com,Female,24/03/1978
Alexandra,Glashby,aglashbyor@tinypic.com,Female,29/02/1992
Ludovico,Benninck,lbenninckos@imgur.com,Male,01/02/1954
Tamarah,Iacomini,tiacominiot@sfgate.com,Female,28/07/1968
Elsbeth,Cullrford,ecullrfordou@eventbrite.com,Female,24/03/1952
Xymenes,Blance,xblanceov@shop-pro.jp,Male,13/02/1992
Yul,Joerning,yjoerningow@google.co.jp,Male,08/01/1970
Aharon,Mathevon,amathevonox@accuweather.com,Male,27/11/1966
Catherina,Merrigans,cmerrigansoy@yelp.com,Female,27/01/1987
Welby,Engall,wengalloz@dailymail.co.uk,Male,24/04/1981
Vasili,Hann,vhannp0@meetup.com,Male,09/04/1969
Sophey,Booij,sbooijp1@dell.com,Female,23/09/1963
Parrnell,Osmant,posmantp2@answers.com,Male,16/08/1984
Violette,Gobeau,vgobeaup3@unesco.org,Female,30/11/1983
Emmy,Aasaf,eaasafp4@hugedomains.com,Female,16/11/1955
Forester,Gosforth,fgosforthp5@disqus.com,Male,12/05/1974
Rudyard,Lakes,rlakesp6@independent.co.uk,Male,18/12/1978
Fraze,Hesey,fheseyp7@prlog.org,Male,20/07/1996
Florencia,Willingale,fwillingalep8@slashdot.org,Female,17/01/1974
Arturo,Cargon,acargonp9@aol.com,Male,17/06/1997
Deena,Fessby,dfessbypa@gmpg.org,Female,04/02/1985
Odetta,Danilyak,odanilyakpb@fc2.com,Female,03/02/1955
Kliment,Jasper,kjasperpc@a8.net,Male,07/05/1972
Loutitia,Reeves,lreevespd@bloglovin.com,Female,22/08/1955
Hallsy,Beauchamp,hbeauchamppe@addtoany.com,Male,29/04/1963
Doy,McKinie,dmckiniepf@ucla.edu,Male,29/03/1983
Gerrie,Secretan,gsecretanpg@google.ru,Female,04/09/1955
Scotti,Powder,spowderph@ihg.com,Male,20/02/1974
Nertie,Wainwright,nwainwrightpi@nifty.com,Female,04/07/1964
Alexa,Ventris,aventrispj@drupal.org,Female,27/04/1952
Alana,Maylard,amaylardpk@economist.com,Female,09/08/1990
Clarine,Janas,cjanaspl@yolasite.com,Female,06/03/1960
Annaliese,Corradeschi,acorradeschipm@slashdot.org,Female,25/06/1972
Delmar,Lowder,dlowderpn@studiopress.com,Male,02/10/1985
Catlin,Pethybridge,cpethybridgepo@elpais.com,Female,21/02/1988
Carny,Josskovitz,cjosskovitzpp@i2i.jp,Male,05/10/1978
Fabiano,McClaurie,fmcclauriepq@last.fm,Male,27/08/1980
Kahlil,McAlpine,kmcalpinepr@google.com.br,Male,15/06/1988
Jessamyn,Grocutt,jgrocuttps@auda.org.au,Female,17/02/1991
Forster,Pepperd,fpepperdpt@time.com,Male,23/08/1954
Daisey,Gotthard,dgotthardpu@biblegateway.com,Female,25/02/1967
Diena,Jakovijevic,djakovijevicpv@theguardian.com,Female,26/06/1963
Kurt,Herrieven,kherrievenpw@mit.edu,Male,07/03/1974
Caressa,Townby,ctownbypx@goo.ne.jp,Female,09/02/1975
Lucais,Pencott,lpencottpy@slashdot.org,Male,14/07/1993
Eric,Gammie,egammiepz@reddit.com,Male,12/07/1986
Andy,Fonzone,afonzoneq0@globo.com,Female,09/12/1972
Therine,de'-Ancy Willis,tdeancywillisq1@census.gov,Female,13/05/1959
Adrian,Cosstick,acosstickq2@joomla.org,Female,22/10/1961
Corilla,Pirrone,cpirroneq3@mozilla.com,Female,19/05/1953
Debra,Rowbottam,drowbottamq4@nyu.edu,Female,11/03/1988
Gisele,St. Quentin,gstquentinq5@toplist.cz,Female,18/02/1970
Fergus,Goodridge,fgoodridgeq6@angelfire.com,Male,11/05/1952
Samantha,Applegate,sapplegateq7@goo.ne.jp,Female,04/11/1957
Randie,McElroy,rmcelroyq8@mashable.com,Female,07/05/1968
Charita,Moresby,cmoresbyq9@phpbb.com,Female,08/04/1985
Cherri,Cockshutt,ccockshuttqa@angelfire.com,Female,03/01/1987
Jethro,Vanyushkin,jvanyushkinqb@cisco.com,Male,26/09/1999
Riobard,Brundall,rbrundallqc@woothemes.com,Male,31/08/1967
Jillie,O' Scallan,joscallanqd@google.co.uk,Female,12/08/1954
Whitby,Ugoni,wugoniqe@gnu.org,Male,05/05/1953
Merrielle,Ellam,mellamqf@redcross.org,Female,07/07/1991
Cecelia,Tew,ctewqg@cdc.gov,Female,29/12/1965
Adelaida,Sheed,asheedqh@elpais.com,Female,06/08/1976
Giselbert,Snead,gsneadqi@umich.edu,Male,09/08/1958
Stavros,Twitching,stwitchingqj@vistaprint.com,Male,16/05/1951
Elsworth,Teenan,eteenanqk@purevolume.com,Male,13/11/1967
Laurel,MacCosty,lmaccostyql@mediafire.com,Female,03/05/1961
Erda,Fatscher,efatscherqm@businesswire.com,Female,10/08/1992
Edlin,MacCaughey,emaccaugheyqn@free.fr,Male,09/09/1959
Vinny,Wheal,vwhealqo@cdbaby.com,Male,21/04/1974
Adelice,Van Arsdall,avanarsdallqp@pagesperso-orange.fr,Female,30/06/1979
Pierette,Beton,pbetonqq@marketwatch.com,Female,15/07/1991
Aguste,Beddoes,abeddoesqr@redcross.org,Male,02/09/1964
Amby,McAllan,amcallanqs@ucla.edu,Male,19/11/1961
Ermin,Spittle,espittleqt@gnu.org,Male,27/07/1952
Aline,Heikkinen,aheikkinenqu@creativecommons.org,Female,05/03/1952
Kerrin,Gowdy,kgowdyqv@usda.gov,Female,13/06/1965
Sunshine,Verson,sversonqw@bloomberg.com,Female,25/04/1995
Hana,Lopez,hlopezqx@gizmodo.com,Female,11/02/1962
Riva,Matiewe,rmatieweqy@wufoo.com,Female,08/03/1974
Phylys,Carwithen,pcarwithenqz@xinhuanet.com,Female,07/09/1975
Ilyse,Kinson,ikinsonr0@arstechnica.com,Female,15/07/1982
Barbabra,Selbie,bselbier1@nhs.uk,Female,23/11/1956
Warden,Styche,wstycher2@printfriendly.com,Male,22/09/1972
Ardyth,Dollman,adollmanr3@nifty.com,Female,13/11/1985
Veriee,Harlett,vharlettr4@utexas.edu,Female,01/04/1981
Rance,Mixer,rmixerr5@xing.com,Male,30/08/1972
Adrienne,Blaiklock,ablaiklockr6@webs.com,Female,12/10/1977
Griffith,Slane,gslaner7@printfriendly.com,Male,07/01/1981
Cthrine,Benoey,cbenoeyr8@statcounter.com,Female,04/03/1959
Mandie,Beamson,mbeamsonr9@sina.com.cn,Female,15/11/1978
Shepherd,Sarrell,ssarrellra@livejournal.com,Male,02/02/1969
Urban,Solleme,usollemerb@accuweather.com,Male,04/09/1963
Horacio,Iskower,hiskowerrc@google.it,Male,12/11/1973
Tracie,Croisdall,tcroisdallrd@sun.com,Male,29/07/1968
Trixie,Kinane,tkinanere@flickr.com,Female,13/04/1971
Charis,Mackleden,cmackledenrf@alibaba.com,Female,23/01/1955
Brena,Willmott,bwillmottrg@nytimes.com,Female,16/09/1992
Rowland,Jeannenet,rjeannenetrh@state.gov,Male,27/07/1987
Margalo,Berkery,mberkeryri@mapquest.com,Female,19/03/1979
Sapphira,Callery,scalleryrj@bbb.org,Female,13/05/1987
Celesta,Huke,chukerk@slideshare.net,Female,13/12/1951
Dorotea,Aspinal,daspinalrl@acquirethisname.com,Female,17/12/1964
Estell,Skey,eskeyrm@wikimedia.org,Female,18/08/1983
Margareta,Ciciura,mciciurarn@ucoz.ru,Female,29/07/1996
Lelah,Selkirk,lselkirkro@squarespace.com,Female,23/12/1976
Carolina,Triggel,ctriggelrp@chicagotribune.com,Female,15/05/1983
Evelin,Raulston,eraulstonrq@hhs.gov,Male,26/01/1999
Elena,Scollan,escollanrr@cargocollective.com,Female,10/07/1997
